output-onlinejpgtools,2026-09-28,14:31:49,Present
output-onlinejpgtools,2026-09-28,14:31:49,Present
output-onlinejpgtools,2026-09-28,14:31:50,Present
output-onlinejpgtools,2026-09-28,14:31:50,Present
output-onlinejpgtools,2026-09-28,14:31:50,Present
output-onlinejpgtools,2026-09-28,14:31:50,Present
output-onlinejpgtools,2026-09-28,14:31:50,Present
output-onlinejpgtools,2026-09-28,14:31:50,Present
output-onlinejpgtools,2026-09-28,14:31:51,Present
output-onlinejpgtools,2026-09-28,14:31:51,Present
output-onlinejpgtools,2026-09-28,14:31:51,Present
output-onlinejpgtools,2026-09-28,14:31:51,Present
output-onlinejpgtools,2026-09-28,14:31:51,Present
output-onlinejpgtools,2026-09-28,14:31:52,Present
output-onlinejpgtools,2026-09-28,14:31:52,Present
output-onlinejpgtools,2026-09-28,14:31:52,Present
output-onlinejpgtools,2026-09-28,14:31:52,Present
output-onlinejpgtools,2026-09-28,14:31:53,Present
output-onlinejpgtools,2026-09-28,14:31:53,Present
output-onlinejpgtools,2026-09-28,14:31:53,Present
output-onlinejpgtools,2026-09-28,14:31:53,Present
output-onlinejpgtools,2026-09-28,14:31:53,Present
output-onlinejpgtools,2026-09-28,14:31:53,Present
output-onlinejpgtools,2026-09-28,14:31:54,Present
output-onlinejpgtools,2026-09-28,14:31:54,Present
output-onlinejpgtools,2026-09-28,14:31:55,Present
output-onlinejpgtools,2026-09-28,14:31:55,Present
output-onlinejpgtools,2026-09-28,14:31:55,Present
output-onlinejpgtools,2026-09-28,14:31:55,Present
output-onlinejpgtools,2026-09-28,14:31:55,Present
output-onlinejpgtools,2026-09-28,14:31:56,Present
output-onlinejpgtools,2026-09-28,14:31:56,Present
output-onlinejpgtools,2026-09-28,14:31:56,Present
output-onlinejpgtools,2026-09-28,14:31:56,Present
output-onlinejpgtools,2026-09-28,14:31:56,Present
output-onlinejpgtools,2026-09-28,14:31:56,Present
output-onlinejpgtools,2026-09-28,14:31:56,Present
output-onlinejpgtools,2026-09-28,14:31:57,Present
output-onlinejpgtools,2026-09-28,14:31:57,Present
output-onlinejpgtools,2026-09-28,14:31:57,Present
output-onlinejpgtools,2026-09-28,14:31:57,Present
output-onlinejpgtools,2026-09-28,14:31:57,Present
output-onlinejpgtools,2026-09-28,14:31:57,Present
output-onlinejpgtools,2026-09-28,14:31:58,Present
output-onlinejpgtools,2026-09-28,14:31:58,Present
output-onlinejpgtools,2026-09-28,14:32:08,Present
output-onlinejpgtools,2026-09-28,14:32:08,Present
output-onlinejpgtools,2026-09-28,14:32:09,Present
Bhavya,2026-09-28,14:35:08,Present
Bhavya,2026-09-28,14:35:08,Present
Bhavya,2026-09-28,14:35:09,Present
Bhavya,2026-09-28,14:35:09,Present
Bhavya,2026-09-28,14:35:09,Present
Bhavya,2026-09-28,14:35:10,Present
Bhavya,2026-09-28,14:35:10,Present
Bhavya,2026-09-28,14:35:10,Present
Bhavya,2026-09-28,14:35:10,Present
Bhavya,2026-09-28,14:35:10,Present
Bhavya,2026-09-28,14:35:11,Present
Bhavya,2026-09-28,14:35:11,Present
Bhavya,2026-09-28,14:35:14,Present
Bhavya,2026-09-28,14:35:14,Present
Bhavya,2026-09-28,14:35:15,Present
Bhavya,2026-09-28,14:35:15,Present
Bhavya,2026-09-28,14:35:15,Present
Bhavya,2026-09-28,14:35:15,Present
Bhavya,2026-09-28,14:35:16,Present
Bhavya,2026-09-28,14:35:16,Present
Bhavya,2026-09-28,14:35:16,Present
Bhavya,2026-09-28,14:35:16,Present
Bhavya,2026-09-28,14:35:17,Present
Bhavya,2026-09-28,14:35:19,Present
